--------------------------------------------------------
--  DDL for Sequence SCREENING_ID_SEQUENCE
--------------------------------------------------------
DROP SEQUENCE IF EXISTS SCREENING_SEQUENCE;
CREATE SEQUENCE  IF NOT EXISTS  SCREENING_SEQUENCE  MINVALUE 5600  INCREMENT BY 1 START WITH 5600;

Insert into SCREENING (SCREENING_ID, TRAINER_ID, TRAINEE_ID, SKILL_TYPE_ID, 
COMPOSITE_SCORE, ABOUT_ME_COMMENTARY, GENERAL_COMMENTARY, SOFT_SKILL_COMMENTARY,
START_DATE_TIME, END_DATE_TIME, SOFT_SKILL_VERDICT, STATUS) 
values (1 , 3 , 5500 , 2, 50.0, 'intoComment','generalComment','softskillComment', '2018-03-01', '2018-03-02', 0, 'Completed');
 
 Insert into SCREENING (SCREENING_ID, TRAINER_ID, TRAINEE_ID, SKILL_TYPE_ID, 
COMPOSITE_SCORE, ABOUT_ME_COMMENTARY, GENERAL_COMMENTARY, SOFT_SKILL_COMMENTARY,
 START_DATE_TIME, END_DATE_TIME, SOFT_SKILL_VERDICT, STATUS) 
values (2 , 3 , 5501 , 2, 50.0, 'intoComment2','generalComment2','softskillComment2', '2018-03-02', '2018-03-03', 0, 'Completed');

Insert into SCREENING (SCREENING_ID, TRAINER_ID, TRAINEE_ID, SKILL_TYPE_ID, 
COMPOSITE_SCORE, ABOUT_ME_COMMENTARY, GENERAL_COMMENTARY, SOFT_SKILL_COMMENTARY,
START_DATE_TIME, END_DATE_TIME, SOFT_SKILL_VERDICT, STATUS) 
values (3 , 4 , 5502 , 2, 50.0, 'intoComment3','generalComment3','softskillComment3', '2018-03-04', '2018-03-05', 0, 'Completed');

Insert into SCREENING (SCREENING_ID, TRAINER_ID, TRAINEE_ID, SKILL_TYPE_ID, 
COMPOSITE_SCORE, ABOUT_ME_COMMENTARY, GENERAL_COMMENTARY, SOFT_SKILL_COMMENTARY,
START_DATE_TIME, END_DATE_TIME, SOFT_SKILL_VERDICT, STATUS) 
values (4 , 5 , 5503 , 2, 50.0, 'intoComment4','generalComment4','softskillComment4', '2018-03-06', '2018-03-07', 0, 'Completed');

Insert into SCREENING (SCREENING_ID, TRAINER_ID, TRAINEE_ID, SKILL_TYPE_ID, 
COMPOSITE_SCORE, ABOUT_ME_COMMENTARY, GENERAL_COMMENTARY, SOFT_SKILL_COMMENTARY,
START_DATE_TIME, END_DATE_TIME, SOFT_SKILL_VERDICT, STATUS) 
values (5 , 5 , 5504 , 2, 50.0, 'intoComment5','generalComment5','softskillComment5', '2018-03-08', '2018-03-09', 1, 'Pending');

Insert into SCREENING (SCREENING_ID, TRAINER_ID, TRAINEE_ID, SKILL_TYPE_ID, 
COMPOSITE_SCORE, ABOUT_ME_COMMENTARY, GENERAL_COMMENTARY, SOFT_SKILL_COMMENTARY,
START_DATE_TIME, END_DATE_TIME, SOFT_SKILL_VERDICT, STATUS) 
values (6 , 5 , 5505 , 2, 50.0, 'intoComment6','generalComment6','softskillComment6', '2018-03-10', '2018-03-11', 1, 'Pending');

Insert into SCREENING (SCREENING_ID, TRAINER_ID, TRAINEE_ID, SKILL_TYPE_ID, 
COMPOSITE_SCORE, ABOUT_ME_COMMENTARY, GENERAL_COMMENTARY, SOFT_SKILL_COMMENTARY,
START_DATE_TIME, END_DATE_TIME, SOFT_SKILL_VERDICT, STATUS) 
values (7 , 3 , 5506 , 2, 50.0, 'intoComment7','generalComment7','softskillComment7', '2018-03-11', '2018-03-12', 0, 'Pending');

Insert into SCREENING (SCREENING_ID, TRAINER_ID, TRAINEE_ID, SKILL_TYPE_ID, 
COMPOSITE_SCORE, ABOUT_ME_COMMENTARY, GENERAL_COMMENTARY, SOFT_SKILL_COMMENTARY,
START_DATE_TIME, END_DATE_TIME, SOFT_SKILL_VERDICT, STATUS) 
values (8 , 3 , 5507 , 2, 50.0, 'intoComment8','generalComment8','softskillComment8', '2018-03-12', '2018-03-14', 1, 'Pending');
 
COMMIT;


--------------------------------------------------------
--  DDL for Sequence SOFT_SKILL_VIOLATION_SEQUENCE
--------------------------------------------------------
DROP SEQUENCE IF EXISTS SOFT_SKILL_VIOLATION_SEQUENCE;
CREATE SEQUENCE  IF NOT EXISTS  SOFT_SKILL_VIOLATION_SEQUENCE  MINVALUE 5600  INCREMENT BY 1 START WITH 5600;

Insert into SOFT_SKILL_VIOLATION (SOFT_SKILL_VIOLATION_ID, SCREENING_ID, VIOLATION, TIME) 
values (1, 1, 'using bad words', '2018-03-01');
 Insert into SOFT_SKILL_VIOLATION (SOFT_SKILL_VIOLATION_ID, SCREENING_ID, VIOLATION, TIME) 
values (2, 2, 'using bad words', '2018-03-02');
Insert into SOFT_SKILL_VIOLATION (SOFT_SKILL_VIOLATION_ID, SCREENING_ID, VIOLATION, TIME) 
values (3, 2, 'bad dress', '2018-03-03');
Insert into SOFT_SKILL_VIOLATION (SOFT_SKILL_VIOLATION_ID, SCREENING_ID, VIOLATION, TIME) 
values (4, 3, 'bad dress', '2018-03-04');
Insert into SOFT_SKILL_VIOLATION (SOFT_SKILL_VIOLATION_ID, SCREENING_ID, VIOLATION, TIME) 
values (5, 4, 'bad dress', '2018-03-05');
Insert into SOFT_SKILL_VIOLATION (SOFT_SKILL_VIOLATION_ID, SCREENING_ID, VIOLATION, TIME) 
values (6, 4, 'not focus', '2018-03-06');
Insert into SOFT_SKILL_VIOLATION (SOFT_SKILL_VIOLATION_ID, SCREENING_ID, VIOLATION, TIME) 
values (7, 5, 'not focus', '2018-03-07');
 
--------------------------------------------------------
--  DDL for Sequence VIOLATION_SEQUENCE
--------------------------------------------------------
DROP SEQUENCE IF EXISTS VIOLATION_SEQUENCE;
CREATE SEQUENCE  IF NOT EXISTS  VIOLATION_SEQUENCE  MINVALUE 5600  INCREMENT BY 1 START WITH 5600;

Insert into VIOLATION_TYPE (VIOLATION_ID, VIOLATION, DESCRIPTION) 
values (1, 'using bad words', 'the participant used F words and S words');

Insert into VIOLATION_TYPE (VIOLATION_ID, VIOLATION, DESCRIPTION) 
values (2, 'bad dress', 'no tie, no suit');

Insert into VIOLATION_TYPE (VIOLATION_ID, VIOLATION, DESCRIPTION) 
values (3, 'not focus', 'the participant did not focus the question itself');

